Workbook

Sheet Overview
B2: K E Y P E R F O R M A N C E I N D I C A TO R
B5: N A M E : | C5: S T A N F O R D B A L B A N E R S | G5: R E T U R N O F I N V E ST M E N T : | H5: =IFERROR(C23/I23,"") -> 0.66099855
B7: Y E A R : | C7: 2024 | G7: E F F E C I E N C Y L E V E L : | H7: =IFERROR(D23/C23,"0.00") -> 0.96387521
C9: S A L E S D A T A | G9: S A L A R Y C O S T
B10: MONTH | C10: TARGET | D10: ACTUAL | E10: VARIANCE | F10: AVERAGE | G10: SALARY PAID | H10: INCENTIVE PAID | I10: TOTAL EARNED
B11: JANUARY | C11: {=IFERROR(INDIRECT("'" & C7 & "'!C6:I17"), "NO DATA CAN BE FOUND" )} -> 11500 | D11: 14500 | E11: -3000 | F11: 14675 | G11: 12500 | H11: 7200 | I11: 19700
B12: FEBRUARY | C12: 15200 | D12: 12200 | E12: 3000 | F12: 14675 | G12: 14800 | H12: 6500 | I12: 21300
B13: MARCH | C13: 13800 | D13: 17800 | E13: -4000 | F13: 14675 | G13: 11200 | H13: 8700 | I13: 19900
B14: APRIL | C14: 17600 | D14: 10600 | E14: 7000 | F14: 14675 | G14: 18000 | H14: 9300 | I14: 27300
B15: MAY | C15: 12300 | D15: 15300 | E15: -3000 | F15: 14675 | G15: 15700 | H15: 5800 | I15: 21500
B16: JUNE | C16: 16700 | D16: 18700 | E16: -2000 | F16: 14675 | G16: 13400 | H16: 7600 | I16: 21000
B17: JULY | C17: 19400 | D17: 11400 | E17: 8000 | F17: 14675 | G17: 16900 | H17: 9800 | I17: 26700
B18: AUGUST | C18: 14900 | D18: 16900 | E18: -2000 | F18: 14675 | G18: 19500 | H18: 6200 | I18: 25700
B19: SEPTEMBER | C19: 18100 | D19: 13100 | E19: 5000 | F19: 14675 | G19: 17100 | H19: 8400 | I19: 25500
B20: OCTOBER | C20: 10600 | D20: 19600 | E20: -9000 | F20: 14675 | G20: 10600 | H20: 5500 | I20: 16100
B21: NOVEMBER | C21: 12800 | D21: 11800 | E21: 1000 | F21: 14675 | G21: 13800 | H21: 7900 | I21: 21700
B22: DECEMBER | C22: 19800 | D22: 14200 | E22: 5600 | F22: 14675 | G22: 20000 | H22: 10000 | I22: 30000
B23: TOTAL | C23: =SUBTOTAL(109,C11:C22) -> 182700 | D23: =SUBTOTAL(109,D11:D22) -> 176100 | E23: =IF(ISBLANK(C23-D23),"",(C23-D23)) -> 6600 | F23: =SUBTOTAL(109,F11:F22) -> 176100 | G23: =SUBTOTAL(109,G11:G22) -> 183500 | H23: =SUBTOTAL(109,H11:H22) -> 92900 | I23: =SUM(Overview!$G23:$H23) -> 276400

Sheet 2024
B2: 2 0 2 4
C4: SALES DATA | G4: SALARY COST
B5: MONTH | C5: TARGET | D5: ACTUAL | E5: VARIANCE | F5: AVERAGE | G5: SALARY PAID | H5: INCENTIVE PAID | I5: TOTAL EARNED
B6: JANUARY | C6: 11500 | D6: 14500 | E6: =IF(ISBLANK(C6-D6),"",(C6-D6)) -> -3000 | F6: =IFERROR(AVERAGE($D$6:$D$17),"") -> 14675 | G6: 12500 | H6: 7200 | I6: =SUM('2024'!$G6:$H6) -> 19700
B7: FEBRUARY | C7: 15200 | D7: 12200 | E7: =IF(ISBLANK(C7-D7),"",(C7-D7)) -> 3000 | F7: =IFERROR(AVERAGE($D$6:$D$17),"") -> 14675 | G7: 14800 | H7: 6500 | I7: =SUM('2024'!$G7:$H7) -> 21300
B8: MARCH | C8: 13800 | D8: 17800 | E8: =IF(ISBLANK(C8-D8),"",(C8-D8)) -> -4000 | F8: =IFERROR(AVERAGE($D$6:$D$17),"") -> 14675 | G8: 11200 | H8: 8700 | I8: =SUM('2024'!$G8:$H8) -> 19900
B9: APRIL | C9: 17600 | D9: 10600 | E9: =IF(ISBLANK(C9-D9),"",(C9-D9)) -> 7000 | F9: =IFERROR(AVERAGE($D$6:$D$17),"") -> 14675 | G9: 18000 | H9: 9300 | I9: =SUM('2024'!$G9:$H9) -> 27300
B10: MAY | C10: 12300 | D10: 15300 | E10: =IF(ISBLANK(C10-D10),"",(C10-D10)) -> -3000 | F10: =IFERROR(AVERAGE($D$6:$D$17),"") -> 14675 | G10: 15700 | H10: 5800 | I10: =SUM('2024'!$G10:$H10) -> 21500
B11: JUNE | C11: 16700 | D11: 18700 | E11: =IF(ISBLANK(C11-D11),"",(C11-D11)) -> -2000 | F11: =IFERROR(AVERAGE($D$6:$D$17),"") -> 14675 | G11: 13400 | H11: 7600 | I11: =SUM('2024'!$G11:$H11) -> 21000
B12: JULY | C12: 19400 | D12: 11400 | E12: =IF(ISBLANK(C12-D12),"",(C12-D12)) -> 8000 | F12: =IFERROR(AVERAGE($D$6:$D$17),"") -> 14675 | G12: 16900 | H12: 9800 | I12: =SUM('2024'!$G12:$H12) -> 26700
B13: AUGUST | C13: 14900 | D13: 16900 | E13: =IF(ISBLANK(C13-D13),"",(C13-D13)) -> -2000 | F13: =IFERROR(AVERAGE($D$6:$D$17),"") -> 14675 | G13: 19500 | H13: 6200 | I13: =SUM('2024'!$G13:$H13) -> 25700
B14: SEPTEMBER | C14: 18100 | D14: 13100 | E14: =IF(ISBLANK(C14-D14),"",(C14-D14)) -> 5000 | F14: =IFERROR(AVERAGE($D$6:$D$17),"") -> 14675 | G14: 17100 | H14: 8400 | I14: =SUM('2024'!$G14:$H14) -> 25500
B15: OCTOBER | C15: 10600 | D15: 19600 | E15: =IF(ISBLANK(C15-D15),"",(C15-D15)) -> -9000 | F15: =IFERROR(AVERAGE($D$6:$D$17),"") -> 14675 | G15: 10600 | H15: 5500 | I15: =SUM('2024'!$G15:$H15) -> 16100
B16: NOVEMBER | C16: 12800 | D16: 11800 | E16: =IF(ISBLANK(C16-D16),"",(C16-D16)) -> 1000 | F16: =IFERROR(AVERAGE($D$6:$D$17),"") -> 14675 | G16: 13800 | H16: 7900 | I16: =SUM('2024'!$G16:$H16) -> 21700
B17: DECEMBER | C17: 19800 | D17: 14200 | E17: =IF(ISBLANK(C17-D17),"",(C17-D17)) -> 5600 | F17: =IFERROR(AVERAGE($D$6:$D$17),"") -> 14675 | G17: 20000 | H17: 10000 | I17: =SUM('2024'!$G17:$H17) -> 30000

Sheet 2025
B2: 2 0 2 5
C4: SALES DATA | G4: SALARY COST
B5: MONTH | C5: TARGET | D5: ACTUAL | E5: VARIANCE | F5: AVERAGE | G5: SALARY PAID | H5: INCENTIVE PAID | I5: TOTAL EARNED
B6: JANUARY | C6: 11500 | D6: 14500 | E6: =IF(ISBLANK(C6-D6),"",(C6-D6)) -> -3000 | F6: =IFERROR(AVERAGE($D$6:$D$17),"") -> 14833.333 | G6: 12500 | H6: 7200 | I6: =SUM('2025'!$G6:$H6) -> 19700
B7: FEBRUARY | C7: 15200 | D7: 12200 | E7: =IF(ISBLANK(C7-D7),"",(C7-D7)) -> 3000 | F7: =IFERROR(AVERAGE($D$6:$D$17),"") -> 14833.333 | G7: 14800 | H7: 6500 | I7: =SUM('2025'!$G7:$H7) -> 21300
B8: MARCH | C8: 13800 | D8: 17800 | E8: =IF(ISBLANK(C8-D8),"",(C8-D8)) -> -4000 | F8: =IFERROR(AVERAGE($D$6:$D$17),"") -> 14833.333 | G8: 11200 | H8: 8700 | I8: =SUM('2025'!$G8:$H8) -> 19900
B9: APRIL | E9: =IF(ISBLANK(C9-D9),"",(C9-D9)) -> 0 | F9: =IFERROR(AVERAGE($D$6:$D$17),"") -> 14833.333 | I9: =SUM('2025'!$G9:$H9) -> 0
B10: MAY | E10: =IF(ISBLANK(C10-D10),"",(C10-D10)) -> 0 | F10: =IFERROR(AVERAGE($D$6:$D$17),"") -> 14833.333 | I10: =SUM('2025'!$G10:$H10) -> 0
B11: JUNE | E11: =IF(ISBLANK(C11-D11),"",(C11-D11)) -> 0 | F11: =IFERROR(AVERAGE($D$6:$D$17),"") -> 14833.333 | I11: =SUM('2025'!$G11:$H11) -> 0
B12: JULY | E12: =IF(ISBLANK(C12-D12),"",(C12-D12)) -> 0 | F12: =IFERROR(AVERAGE($D$6:$D$17),"") -> 14833.333 | I12: =SUM('2025'!$G12:$H12) -> 0
B13: AUGUST | E13: =IF(ISBLANK(C13-D13),"",(C13-D13)) -> 0 | F13: =IFERROR(AVERAGE($D$6:$D$17),"") -> 14833.333 | I13: =SUM('2025'!$G13:$H13) -> 0
B14: SEPTEMBER | E14: =IF(ISBLANK(C14-D14),"",(C14-D14)) -> 0 | F14: =IFERROR(AVERAGE($D$6:$D$17),"") -> 14833.333 | I14: =SUM('2025'!$G14:$H14) -> 0
B15: OCTOBER | E15: =IF(ISBLANK(C15-D15),"",(C15-D15)) -> 0 | F15: =IFERROR(AVERAGE($D$6:$D$17),"") -> 14833.333 | I15: =SUM('2025'!$G15:$H15) -> 0
B16: NOVEMBER | E16: =IF(ISBLANK(C16-D16),"",(C16-D16)) -> 0 | F16: =IFERROR(AVERAGE($D$6:$D$17),"") -> 14833.333 | I16: =SUM('2025'!$G16:$H16) -> 0
B17: DECEMBER | E17: =IF(ISBLANK(C17-D17),"",(C17-D17)) -> 0 | F17: =IFERROR(AVERAGE($D$6:$D$17),"") -> 14833.333 | I17: =SUM('2025'!$G17:$H17) -> 0

Sheet B L A N K
B2: [ Y E A R ]
C4: SALES DATA | G4: SALARY COST
B5: MONTH | C5: TARGET | D5: ACTUAL | E5: VARIANCE | F5: AVERAGE | G5: SALARY PAID | H5: INCENTIVE PAID | I5: TOTAL EARNED
B6: JANUARY | E6: =IF(ISBLANK(C6-D6),"",(C6-D6)) -> 0 | F6: =IFERROR(AVERAGE($D$6:$D$17),"") | I6: =SUM('B L A N K'!$G6:$H6) -> 0
B7: FEBRUARY | E7: =IF(ISBLANK(C7-D7),"",(C7-D7)) -> 0 | F7: =IFERROR(AVERAGE($D$6:$D$17),"") | I7: =SUM('B L A N K'!$G7:$H7) -> 0
B8: MARCH | E8: =IF(ISBLANK(C8-D8),"",(C8-D8)) -> 0 | F8: =IFERROR(AVERAGE($D$6:$D$17),"") | I8: =SUM('B L A N K'!$G8:$H8) -> 0
B9: APRIL | E9: =IF(ISBLANK(C9-D9),"",(C9-D9)) -> 0 | F9: =IFERROR(AVERAGE($D$6:$D$17),"") | I9: =SUM('B L A N K'!$G9:$H9) -> 0
B10: MAY | E10: =IF(ISBLANK(C10-D10),"",(C10-D10)) -> 0 | F10: =IFERROR(AVERAGE($D$6:$D$17),"") | I10: =SUM('B L A N K'!$G10:$H10) -> 0
B11: JUNE | E11: =IF(ISBLANK(C11-D11),"",(C11-D11)) -> 0 | F11: =IFERROR(AVERAGE($D$6:$D$17),"") | I11: =SUM('B L A N K'!$G11:$H11) -> 0
B12: JULY | E12: =IF(ISBLANK(C12-D12),"",(C12-D12)) -> 0 | F12: =IFERROR(AVERAGE($D$6:$D$17),"") | I12: =SUM('B L A N K'!$G12:$H12) -> 0
B13: AUGUST | E13: =IF(ISBLANK(C13-D13),"",(C13-D13)) -> 0 | F13: =IFERROR(AVERAGE($D$6:$D$17),"") | I13: =SUM('B L A N K'!$G13:$H13) -> 0
B14: SEPTEMBER | E14: =IF(ISBLANK(C14-D14),"",(C14-D14)) -> 0 | F14: =IFERROR(AVERAGE($D$6:$D$17),"") | I14: =SUM('B L A N K'!$G14:$H14) -> 0
B15: OCTOBER | E15: =IF(ISBLANK(C15-D15),"",(C15-D15)) -> 0 | F15: =IFERROR(AVERAGE($D$6:$D$17),"") | I15: =SUM('B L A N K'!$G15:$H15) -> 0
B16: NOVEMBER | E16: =IF(ISBLANK(C16-D16),"",(C16-D16)) -> 0 | F16: =IFERROR(AVERAGE($D$6:$D$17),"") | I16: =SUM('B L A N K'!$G16:$H16) -> 0
B17: DECEMBER | E17: =IF(ISBLANK(C17-D17),"",(C17-D17)) -> 0 | F17: =IFERROR(AVERAGE($D$6:$D$17),"") | I17: =SUM('B L A N K'!$G17:$H17) -> 0

Sheet Setup
B2: Y E A R :
B3: 2024
B4: 2025
B5: 2026
B6: 2027
B7: 2028
B8: 2029
B9: 2030
B10: 2031
B11: 2032
B12: 2033
B13: 2034
B14: 2035
... B19: 2040
